{"cameraMode":{"drawMode":0,"name":"Shaded","section":"Shading Mode"},"sceneLighting":true,"audioPlay":false,"sceneViewState":{"m_AlwaysRefresh":false,"showFog":true,"showSkybox":true,"showFlares":true,"showImageEffects":true,"showParticleSystems":true,"showVisualEffectGraphs":true,"m_FxEnabled":true},"in2DMode":false,"pivot":{"x":1.5323586463928223,"y":0.8124265670776367,"z":-3.6175577640533449},"rotation":{"x":0.11968973278999329,"y":-0.8587281107902527,"z":0.23350602388381959,"w":0.44017162919044497},"size":3.9759435653686525,"orthographic":false}